baseDamage_weight,creepDamageTaken_weight,distance_weight,hp_weight,maxReward
0.18020748345621,0.5064572333672,0.39770493127433,0.58841258486248,15.0
-0.32133317719315,0.47147806006616,0.32221439199044,-0.83805749760029,16.0
0.18020748345621,0.5064572333672,0.39770493127433,0.58841258486248,22.0
-0.32133317719315,0.47147806006616,0.32221439199044,-0.83805749760029,15.0
-0.77107619719489,-0.89021443360248,0.13718456340508,-0.14662638427807,0.0
-0.64808400628823,0.94959899976462,0.41079668825992,0.94832582700567,21.0
-0.055272473410801,0.35800974374131,-0.29180426462596,-0.44612151608867,1.0
-0.096513850811932,-0.63596031572494,0.59386122477337,0.15028358974804,10.0
